City_ID,City,Country,Max Temp,Current Description,Lat,Lng,Hotel Name
0,Kodiak,US,47.71,clear sky,57.79,-152.4072,Best Western Kodiak Inn And Convention Center
2,Ribeira Grande,PT,59.2,overcast clouds,38.5167,-28.7,Quinta da Meia Eira
6,Pleshanovo,RU,45.27,clear sky,52.8333,53.4833,Gostevoy Dom Magiya Uyuta
7,Narsaq,GL,48.42,overcast clouds,60.9167,-46.05,Sleep In Narsaq
9,Vila Franca Do Campo,PT,59.41,overcast clouds,37.7167,-25.4333,Pestana Bahia Praia
10,Mataura,NZ,61.48,light rain,-46.1927,168.8643,Ellie's Villa
14,Port Alfred,ZA,69.84,clear sky,-33.5906,26.891,The Halyards Hotel
17,Ushuaia,AR,46.06,clear sky,-54.8,-68.3,Albatross Hotel
19,Chuy,UY,57.06,overcast clouds,-33.6971,-53.4616,Nuevo Hotel Plaza
20,Thompson,CA,50.16,few clouds,55.7435,-97.8558,Burntwood Hotel
21,Sitka,US,51.69,overcast clouds,57.0531,-135.33,Westmark Sitka
23,Bluff,NZ,61.81,overcast clouds,-46.6,168.3333,Bluff Homestead - Guesthouse & Campervan Park
24,Coquimbo,CL,49.73,clear sky,-29.9533,-71.3436,Hotel San Juan
25,Geraldton,AU,68.41,scattered clouds,-28.7667,114.6,Broadwater Mariner Resort
28,Esperance,AU,64.24,clear sky,-33.8667,121.9,Hospitality Esperance
29,Iqaluit,CA,26.33,broken clouds,63.7506,-68.5145,Frobisher Inn
31,Mar Del Plata,AR,53.94,light rain,-38.0023,-57.5575,Gran Hotel Mar del Plata
32,Busselton,AU,63.19,overcast clouds,-33.65,115.3333,Observatory Guest House
33,Cape Town,ZA,71.91,clear sky,-33.9258,18.4232,"Radisson Blu Hotel Waterfront, Cape Town"
35,Bredasdorp,ZA,70.68,overcast clouds,-34.5322,20.0403,Bredasdorp Country Manor
36,Muroto,JP,67.17,overcast clouds,33.2833,134.15,Oota Ryokan
39,Jamestown,US,51.39,clear sky,42.097,-79.2353,Hampton Inn & Suites Jamestown
40,Itirucu,BR,66.87,overcast clouds,-13.5317,-40.1503,Casa Amarela
41,Saldanha,ZA,64.6,overcast clouds,-33.0117,17.9442,Blue Bay Lodge
42,Petropavlovsk-Kamchatskiy,RU,57.79,broken clouds,53.0452,158.6483,The Hotel Petropavlovsky
43,Yar-Sale,RU,34.99,overcast clouds,66.8333,70.8333,Yalemd
44,Shubarkuduk,KZ,53.08,broken clouds,49.1447,56.4872,Sirius
46,Canandaigua,US,56.23,overcast clouds,42.8742,-77.288,The Inn On The Lake
47,Tucuman,AR,46.4,clear sky,-26.8241,-65.2226,Dallas Hotel Tucuman
48,Solnechnyy,RU,45.1,overcast clouds,50.7214,136.6319,Hotel complex Pastoral
49,Khatanga,RU,35.02,overcast clouds,71.9667,102.5,"""Khatanga"""
53,Nikolskoye,RU,40.91,overcast clouds,59.7035,30.7861,Tourist House - Sablino
54,Punta Arenas,CL,44.71,overcast clouds,-53.15,-70.9167,Hotel Hain
56,Iwakuni,JP,65.68,few clouds,34.15,132.1833,Iwakuni Kokusai Kanko Hotel
60,Bethel,US,64.76,clear sky,41.3712,-73.414,Courtyard by Marriott Danbury
61,Along,IN,71.26,overcast clouds,28.1667,94.7667,Hotel West
62,Ponta Do Sol,PT,68.63,broken clouds,32.6667,-17.1,Hotel do Campo
63,Ipanema,BR,51.73,overcast clouds,-30.1391,-51.2244,Motel da Barra
64,Mnogovershinnyy,RU,38.98,overcast clouds,53.9353,139.9242,Obshchezhitiye 14
65,Northam,GB,53.62,few clouds,51.0333,-4.2167,Durrant House Hotel
66,Hermiston,US,73.22,clear sky,45.8404,-119.2895,Oxford Suites Hermiston
67,Clyde River,CA,26.83,overcast clouds,70.4692,-68.5914,Qamaq Hotel
68,Fortuna,US,59.94,clear sky,40.5982,-124.1573,Super 8 by Wyndham Fortuna
69,Saint-Philippe,RE,67.59,scattered clouds,-21.3585,55.7679,"Chambres d'h√¥te ""La Trinit√©"""
70,Sao Filipe,CV,74.86,overcast clouds,14.8961,-24.4956,Hotel Xaguate
71,Constitucion,CL,52.84,clear sky,-35.3333,-72.4167,Hotel Boutique Las Azucenas
72,Sosva,RU,52.07,scattered clouds,59.1766,61.8558,Gostinitsa
73,Sao Joaquim Do Monte,BR,67.69,few clouds,-8.4325,-35.8044,Pousada Aba da Serra
74,Tuktoyaktuk,CA,30.2,overcast clouds,69.4541,-133.0374,End of The Road Ltd.
75,Tiksi,RU,26.04,overcast clouds,71.6872,128.8694,Arktika
76,Ozinki,RU,45.57,overcast clouds,51.1786,49.6769,Korolevskiy Dvor
77,Leningradskiy,RU,32.65,overcast clouds,69.3833,178.4167,Gostinitsa
78,Wilkie,CA,48.88,overcast clouds,52.4168,-108.7014,Wilkie Motel
79,Asadabad,IR,46.35,clear sky,34.7824,48.1185,⁄©ÿßŸÖŸæ€åŸàÿ™ÿ± ÿµÿßÿØŸÇ
80,Puerto Ayora,EC,73.54,overcast clouds,-0.7393,-90.3518,Finch Bay Galapagos Hotel
82,Fort Nelson,CA,56.79,scattered clouds,58.8053,-122.7002,The Fort Nelson Hotel
83,Muros,ES,59.09,overcast clouds,42.7762,-9.0603,Apartment Av. Castelao
84,Moyale,KE,62.01,scattered clouds,3.5167,39.0584,La Tahzan Guest House
85,Tuatapere,NZ,58.21,overcast clouds,-46.1333,167.6833,Ron and Tony's Bed & Breakfast
86,Sao Raimundo Das Mangabeiras,BR,74.73,overcast clouds,-7.0219,-45.4811,Hotel Tropical
87,Kisangani,CD,69.51,scattered clouds,0.5167,25.2,Grand Ramela Hotel
88,Hobart,AU,52.27,broken clouds,-42.8794,147.3294,St Ives Hobart Accommodation Tasmania
89,Whitefish,US,59.9,clear sky,48.4111,-114.3376,Best Western Rocky Mountain Lodge
93,Yellowknife,CA,54.12,broken clouds,62.456,-114.3525,The Explorer Hotel
95,Klaksvik,FO,50.92,overcast clouds,62.2266,-6.589,Airbnb rooms
97,Quixada,BR,72.45,broken clouds,-4.9714,-39.0153,Hotel Vale das Pedras
98,Grand Gaube,MU,73.8,clear sky,-20.0064,57.6608,Veranda Paul et Virginie Hotel & Spa
99,New Norfolk,AU,51.93,overcast clouds,-42.7826,147.0587,The Shingles Riverside Cottages
100,Timizart,DZ,64.76,clear sky,36.8,4.2667,yefssah restaurant
101,Naze,JP,74.32,overcast clouds,28.3667,129.4833,Shishime Hotel
102,Bambous Virieux,MU,73.65,broken clouds,-20.3428,57.7575,Casa Tia Villa
106,Berlevag,NO,33.75,snow,70.8578,29.0864,Kvitbrakka
107,Albufeira,PT,73.24,few clouds,37.0882,-8.2503,Grande Real Santa Eulalia Resort & Hotel Spa
109,Zhigansk,RU,32.0,broken clouds,66.7697,123.3711,Gostinichnyy Kompleks Aylgy
113,Castro,BR,36.93,clear sky,-24.7911,-50.0119,CHACARA BAILLY
116,Diego De Almagro,CL,59.59,clear sky,-26.3667,-70.05,hotel luna del desierto
119,Cherskiy,RU,49.55,overcast clouds,68.75,161.3,Gostinitsa
120,East London,ZA,68.52,clear sky,-33.0153,27.9116,Tu Casa
121,Libohove,AL,58.8,clear sky,40.0311,20.2631,Bar Cafe Hotel OREKLE
123,Penzance,GB,56.08,few clouds,50.1186,-5.5371,Artist Residence Penzance
124,Siteki,SZ,60.8,clear sky,-26.45,31.95,Siteki Hotel
126,Port Elizabeth,ZA,66.31,clear sky,-33.918,25.5701,39 On Nile Guest House
127,Lebu,CL,51.66,clear sky,-37.6167,-73.65,Hostal Las Lilas
128,Bichura,RU,68.32,few clouds,50.5881,107.6022,Gostinitsa Uyut
130,Hermanus,ZA,68.92,overcast clouds,-34.4187,19.2345,Misty Waves Boutique Hotel
133,Talnakh,RU,42.21,light rain,69.4865,88.3972,Talnakh Hotel
134,Springfield,US,73.65,few clouds,37.2153,-93.2982,Best Western Route 66 Rail Haven
137,Prince Rupert,CA,44.69,light rain,54.3161,-130.3201,Crest Hotel
138,Torbay,CA,42.28,overcast clouds,47.6666,-52.7314,Gallows Cove
139,Barsovo,RU,51.93,broken clouds,61.1667,73.1667,Dipanjan Goswami
140,Anadyr,RU,43.3,few clouds,64.75,177.4833,–û—Ç–∫–µ17.—Ä—É ‚Äî –∂–∏–ª—å—ë –¥–ª—è –∫–æ–º–∞–Ω–¥–∏—Ä–æ–≤–∞–Ω–Ω—ã—Ö
145,Farsund,NO,54.95,overcast clouds,58.0948,6.8047,Farsund Fjordhotel
148,Brae,GB,50.31,broken clouds,60.3964,-1.353,Busta House Hotel
149,Kamloops,CA,59.99,broken clouds,50.6665,-120.3192,Ramada by Wyndham Kamloops
151,Santiago,CL,59.29,mist,-33.4569,-70.6483,Hotel Panamericano
153,Pisco,PE,62.65,mist,-13.7,-76.2167,Hotel San Isidro Oficial
154,Camana,PE,64.47,few clouds,-16.6228,-72.7111,Hostal Morales
157,Katsuura,JP,65.89,light rain,35.1333,140.3,Katsuura Hotel Mikazuki
159,Pevek,RU,33.04,light snow,69.7008,170.3133,Severnoye Zoloto
160,Gimli,CA,39.22,moderate rain,50.6336,-96.9907,Lakeview Gimli Resort
161,Abu Kamal,SY,71.91,clear sky,34.4506,40.9171,ÿßŸÑÿ®ŸàŸÉŸÖÿßŸÑ
164,Arraial Do Cabo,BR,68.85,overcast clouds,-22.9661,-42.0278,Pousada Porto Praia
165,Talcahuano,CL,49.68,mist,-36.7167,-73.1167,departamento comodo
166,Mwinilunga,ZM,56.86,overcast clouds,-11.7358,24.4293,Kwakuwahi Lodge
167,Date,JP,57.49,clear sky,42.4681,140.8681,ÈùôÈ¶ôËçò
169,Seoul,KR,65.64,light rain,37.5683,126.9778,Î°ØÎç∞Ìò∏ÌÖî ÏÑúÏö∏
170,Carnarvon,AU,73.83,clear sky,-24.8667,113.6333,Hospitality Carnarvon
171,Lolodorf,CM,69.3,overcast clouds,3.2333,10.7333,Auberge La Decouverte
173,Hassleholm,SE,43.36,overcast clouds,56.1591,13.7664,G√∂ingehof
177,Saint-Leu,RE,70.63,clear sky,-21.15,55.2833,La Caz Oceane
178,Hay River,CA,48.18,light rain,60.8156,-115.7999,Ptarmigan Inn
179,Viedma,AR,43.99,clear sky,-40.8135,-62.9967,Hotel Cristal
181,Antofagasta,CL,56.48,broken clouds,-23.65,-70.4,"Holiday Inn Express Antofagasta, an IHG Hotel"
182,Ambilobe,MG,69.37,scattered clouds,-13.2,49.05,H√¥tel & Restaurant DIANA Ambilobe
185,Paamiut,GL,34.7,few clouds,61.994,-49.6678,Pistut
186,Port Hardy,CA,51.98,overcast clouds,50.6996,-127.4199,Airport Inn-Port Hardy
187,Nara,JP,73.71,overcast clouds,34.6851,135.8049,Guesthouse Nara Komachi
188,Peniche,PT,63.28,overcast clouds,39.3558,-9.3811,Hotel Star inn Peniche
190,Caernarfon,GB,55.13,broken clouds,53.1413,-4.2702,Taldrwst Farmhouse
191,Myitkyina,MM,74.88,overcast clouds,25.3833,97.4,Shwe Phyu Hotel
192,Skelleftea,SE,46.0,few clouds,64.7507,20.9528,Quality Hotel Skellefte√• Stadshotell
193,Santiago Del Estero,AR,48.83,clear sky,-27.7951,-64.2615,Apartamentos Castelli 90
195,Dekernes,EG,63.27,clear sky,31.0876,31.595,ÿ≤ŸÉÿ±Ÿäÿß ÿπÿ®ÿØ ÿßŸÑŸÅÿ™ÿßÿ≠ ÿ≥ŸÑŸäŸÖ
196,Asilah,MA,69.76,clear sky,35.465,-6.0348,Hotel Zelis
197,Inuvik,CA,32.86,light shower snow,68.3499,-133.7218,Nova Inn Inuvik
198,Uitenhage,ZA,65.62,clear sky,-33.7576,25.3971,Mi Casa Guest House
199,Bindura,ZW,59.25,overcast clouds,-17.3019,31.3306,Mayfair Lodges and Restaurant
200,Capela,BR,71.76,few clouds,-10.5033,-37.0528,Recanto Tia Josi
203,Paoua,CF,70.05,overcast clouds,7.2427,16.4406,Quartier Paoua Elien
205,Kaitangata,NZ,59.16,light rain,-46.2817,169.8464,Kaitangata Motor Camp
206,Bereda,ES,57.42,overcast clouds,43.2686,-7.5406,Pazo de Verdes
207,Mount Gambier,AU,55.31,scattered clouds,-37.8333,140.7667,The Commodore
208,Kijang,KR,74.93,clear sky,35.2442,129.2139,Samyang Beach Villa
210,Girua,BR,45.09,overcast clouds,-28.0283,-54.3497,Colinas Hotel
211,Muzhi,RU,36.41,scattered clouds,65.3667,64.6667,Gostinitsa
212,Bairnsdale,AU,60.06,clear sky,-37.8333,147.6167,Town Central Motel
214,Longyearbyen,SJ,28.24,few clouds,78.2186,15.6401,"Radisson Blu Polar Hotel, Spitsbergen"
215,Siavonga,ZM,64.18,clear sky,-16.5382,28.7088,Lavongora Waterfront Lodge
216,Betioky,MG,62.83,clear sky,-23.7167,44.3833,Bungalows Acacias Hotel
217,Alice Springs,AU,69.22,scattered clouds,-23.7,133.8833,Desert Palms Alice Springs
218,Rakiv Lis,UA,35.31,clear sky,51.6217,24.9243,Turiya Hotel π
220,Tomatlan,MX,73.85,clear sky,19.9333,-105.25,El Salvial
222,Angoche,MZ,68.72,few clouds,-16.2325,39.9086,Guest House HESADA
223,Ancud,CL,45.18,overcast clouds,-41.8697,-73.8203,Hotel Arena Gruesa
226,San Jeronimo,PE,50.52,overcast clouds,-11.9472,-75.2829,Tuki Llajta Pueblo Bonito Eco Lodge
230,Los Llanos De Aridane,ES,67.75,broken clouds,28.6585,-17.9182,Valle Aridane
231,Havelock,US,72.95,clear sky,34.8791,-76.9013,Sherwood Motel
232,San Quintin,MX,60.22,few clouds,30.4833,-115.95,Don Eddie's Sport Fishing Center
233,Santa Maria Del Oro,MX,67.37,overcast clouds,25.9333,-105.3667,Hotel Palacio Del Sol
234,Jumla,NP,61.05,clear sky,29.2747,82.1838,Royal Garden Hotel
236,Tasiilaq,GL,33.96,overcast clouds,65.6145,-37.6368,The Red House
237,Linxia,CN,61.83,overcast clouds,35.6003,103.2064,GreenTree Inn Linxia Autonomous Prefecture Linxia Oxford River Avenue Express Hotel
238,Souillac,MU,73.78,broken clouds,-20.5167,57.5167,Shanti Maurice Resort & Spa
240,Saint Anthony,US,65.82,light rain,45.0205,-93.218,"Holiday Inn Express Roseville-St. Paul, an IHG Hotel"
241,Komsomolskiy,UZ,72.32,overcast clouds,40.4272,71.7189,Ikathouse
244,Miles City,US,70.77,clear sky,46.4083,-105.8406,FairBridge Inn & Suites Miles City
246,La Union,PE,70.07,overcast clouds,-5.4,-80.75,Los Portales
247,Joao Pinheiro,BR,58.06,clear sky,-17.7425,-46.1725,Hotel Santos
249,Urucara,BR,74.5,light rain,-2.5364,-57.76,Pousada Maria Bonita
251,Eidfjord,NO,45.57,few clouds,60.4675,7.0719,V√∏ringfoss Hotel
252,Ilulissat,GL,30.22,scattered clouds,69.2167,-51.1,Hotel Arctic
253,Nanortalik,GL,33.49,scattered clouds,60.1432,-45.2371,Hotel Kap Farvel
254,Abha,SA,62.42,clear sky,18.2164,42.5053,Abha Hotel
256,Hamilton,US,70.43,clear sky,39.1834,-84.5333,Six Acres Bed & Breakfast
257,Port Lincoln,AU,61.43,few clouds,-34.7333,135.8667,Port Lincoln Hotel
258,Harnosand,SE,33.8,overcast clouds,62.6323,17.9379,First Hotel Stadt
259,Perth,AU,64.78,broken clouds,-31.9333,115.8333,Quest on Rheola
260,Kambove,CD,58.42,broken clouds,-10.8764,26.5969,Couvant des soeurs catholiques
261,Nemuro,JP,46.83,broken clouds,43.3236,145.575,Hotel Nemuro Kaiyoutei
262,Kariba,ZW,61.09,clear sky,-16.5167,28.8,Caribbea Bay Hotel
263,Tazovskiy,RU,35.76,overcast clouds,67.4667,78.7,TazHostel
264,Elliot Lake,CA,42.76,clear sky,46.3834,-82.6331,Paris Plaza
266,Ust-Kulom,RU,37.89,overcast clouds,61.6864,53.6902,Ip Napalkov Vasiliy Dmitriyevich
267,Mercedes,AR,51.78,overcast clouds,-34.6515,-59.4307,Posada del Inti Centro
269,Ardrishaig,GB,48.69,overcast clouds,56.0157,-5.4481,The Argyll Inn
271,Kalemie,CD,69.49,light rain,-5.9475,29.1947,Mahobilali
272,Colares,PT,65.34,overcast clouds,38.7992,-9.4469,Arribas Sintra Hotel
273,Birjand,IR,63.07,clear sky,32.8663,59.2211,Birjand Tourist Hotel
276,Nortelandia,BR,58.06,broken clouds,-14.4547,-56.8028,Hotel Karysm√£
278,Fukue,JP,73.76,few clouds,32.6881,128.8419,Goto Guesthouse Utojuku & SA Car Rental
279,Otradnoye,RU,41.09,overcast clouds,59.7775,30.8181,Baza otdikha Petrushinsky Khutor
280,Rio Claro,BR,47.8,clear sky,-22.4114,-47.5614,Hotel Vivendas Rio Claro by Atlantica
281,Mweka,CD,67.62,overcast clouds,-4.85,21.5667,Guest House Boshab
282,Mehamn,NO,31.91,light snow,71.0357,27.8492,Mehamn Arctic Hotel AS
284,Taltal,CL,63.19,overcast clouds,-25.4,-70.4833,Residencial Karime
286,Honningsvag,NO,33.55,overcast clouds,70.9821,25.9704,Nordkapp Vandrerhjem
288,San Juan,AR,49.44,clear sky,-31.5375,-68.5364,Hotel Provincial
294,Nadym,RU,36.43,overcast clouds,65.5333,72.5167,Apartment on Zvereva
296,Banepa,NP,66.52,scattered clouds,27.6298,85.5214,Dhulikhel Lodge Resort
298,Lasa,IT,61.68,scattered clouds,46.6166,10.7002,Pension Feldg√§rtenhof
303,Xining,CN,59.76,overcast clouds,36.6167,101.7667,Super Leisure Hotel
304,Kapuskasing,CA,51.89,clear sky,49.4169,-82.4331,Park Inn Motel
306,Lata,PT,60.93,overcast clouds,40.1629,-8.3327,Casa Maquia
308,Norwich,GB,62.26,broken clouds,52.6278,1.2983,Holiday Inn Norwich City
309,Broome,US,53.65,clear sky,42.2506,-75.833,Chenango Valley State Park
310,Gravdal,NO,41.49,overcast clouds,68.1214,13.5031,Skreda Rorbusuiter
312,Cassilandia,BR,48.18,scattered clouds,-19.1133,-51.7342,Delirius Motel
313,Bardiyah,LY,68.54,clear sky,31.7561,25.0865,ÿ®Ÿàÿ±ÿ™Ÿà ÿ®ÿ±ÿØŸäÿ©
316,Hailar,CN,70.32,broken clouds,49.2,119.7,Holiday Inn & Suites Hulunbuir
319,Norman Wells,CA,57.24,broken clouds,65.282,-126.8329,Heritage Hotel
322,Eureka,US,58.35,overcast clouds,40.8021,-124.1637,Eureka Inn Trademark By Wyndham
323,Kalabo,ZM,59.56,broken clouds,-14.97,22.6814,Sikakubete Guest House Kalabo Town Council
324,Asosa,ET,64.96,few clouds,10.0667,34.5333,Blendana Hotel Assosa
325,Qaqortoq,GL,33.75,broken clouds,60.7167,-46.0333,Siniffik Inn
327,Abnub,EG,71.82,clear sky,27.2696,31.1511,ŸÖÿ∂ŸäŸÅÿ™ ÿßŸàŸÑÿßÿØ ÿßÿ≠ŸÖÿØ ÿßÿ®Ÿà ÿ≠ÿ≥ŸäŸÜ
330,Margate,GB,60.69,scattered clouds,51.3813,1.3862,Premier Inn Margate hotel
331,Bonavista,CA,39.94,overcast clouds,48.6499,-53.1147,Sweet Sharons bnb
333,Filadelfia,US,73.29,few clouds,39.9523,-75.1638,"The Ritz-Carlton, Philadelphia"
334,Terrace Bay,CA,37.56,overcast clouds,48.7834,-87.1,Drifters Motel & Restaurant
336,Te Anau,NZ,52.34,light rain,-45.4167,167.7167,Kingsgate Hotel Te Anau
339,Inhambane,MZ,71.01,overcast clouds,-23.865,35.3833,Oceano
341,Ngunguru,NZ,64.94,light rain,-35.6167,174.5,Pacific Rendezvous Motel Resort
342,Portland,US,66.52,overcast clouds,45.5234,-122.6762,Embassy Suites by Hilton Portland Downtown
343,Goderich,CA,46.72,clear sky,43.7501,-81.7165,Harmony Inn
349,Selenginsk,RU,61.21,overcast clouds,52.0064,106.8647,Selenga
351,Linqiong,CN,58.82,overcast clouds,30.4159,103.4609,Tianlun Tanxianglou Hotel
354,Veinticinco De Mayo,AR,49.98,broken clouds,-35.4323,-60.1727,Estancia La Rosada
355,Caratinga,BR,62.35,clear sky,-19.7897,-42.1392,Hotel Rota 116
356,Krasnoselkup,RU,49.59,overcast clouds,65.7,82.4667,Krasnosel'kupnefteprodukt
359,Ponta Delgada,PT,59.72,few clouds,37.7333,-25.6667,Vila Nova Hotel
362,Malanje,AO,59.9,broken clouds,-9.5402,16.341,Hotel Ginga
366,Darhan,MN,66.15,clear sky,49.4867,105.9228,Buudai Hotel
367,Petropavlovka,RU,68.2,few clouds,50.6114,105.3196,Tuyaa
368,Christchurch,NZ,67.41,overcast clouds,-43.5333,172.6333,The George
371,Roros,NO,36.34,clear sky,62.5747,11.3842,Erzscheiderg√•rden
373,Sioux Lookout,CA,55.47,broken clouds,50.1001,-91.917,Knobby's Fly-In Camps
374,Kaeo,NZ,68.32,light rain,-35.1,173.7833,Bushido Lodge
377,Necochea,AR,51.06,overcast clouds,-38.5473,-58.7368,dyd -mar Hotel
378,Quatre Cocos,MU,73.51,clear sky,-20.2078,57.7625,Sunrise Attitude Hotel
383,Nowy Dwor Gdanski,PL,36.21,clear sky,54.2131,19.1177,Ranczo Ryki
384,Severo-Kurilsk,RU,46.87,clear sky,50.6789,156.125,Kak Doma
386,Vestmannaeyjar,IS,48.72,overcast clouds,63.4427,-20.2734,Glamping & Camping
388,Calvinia,ZA,59.99,overcast clouds,-31.4707,19.776,Die Lemoenhuis
389,Kholmsk,RU,56.32,scattered clouds,47.0511,142.0569,GH Hotel
392,Lakes Entrance,AU,60.17,clear sky,-37.8811,147.981,The Esplanade Resort & Spa
393,Stromness,GB,51.76,light rain,58.965,-3.296,The Old Smokery
394,Mahebourg,MU,73.69,broken clouds,-20.4081,57.7,Shandrani Beachcomber Resort & Spa
395,Strathmore,CA,51.35,overcast clouds,51.0501,-113.3852,Wheatland Hotel
399,Sicuani,PE,45.16,scattered clouds,-14.2694,-71.2261,Wilkamayu Hotel
400,Upington,ZA,59.38,clear sky,-28.4478,21.2561,River Place Manor
402,Flinders,AU,66.38,clear sky,-34.5833,150.8552,Shellharbour Resort & Conference Centre
403,Nazret,ET,63.19,scattered clouds,8.55,39.2667,Liben Guesthouse
404,Waipawa,NZ,64.63,clear sky,-41.4122,175.5153,Tora Coastal Walk
406,Huanta,PE,57.07,overcast clouds,-12.9333,-74.25,GRAN HOTEL IMPERIAL
408,Urumqi,CN,68.95,clear sky,43.801,87.6005,Hua Ling Grand Hotel Urumqi
412,Lincoln,US,73.31,clear sky,40.8,-96.667,Courtyard by Marriott Lincoln Downtown/Haymarket
413,Sao Joao Da Barra,BR,66.96,clear sky,-21.6403,-41.0511,Pousada Porto De Canoas
414,Shingu,JP,70.32,overcast clouds,33.7333,135.9833,Shingu UI Hotel
416,Nagorsk,RU,40.64,overcast clouds,59.3172,50.8078,Uyutnyy Dom
419,Loncoche,CL,43.92,overcast clouds,-39.3667,-72.6333,Hostal y Restaurant Ruta del Copihue
420,Gazanjyk,TM,66.42,clear sky,39.2446,55.5154,Railway motel
425,Pacific Grove,US,66.54,clear sky,36.6177,-121.9166,Lovers Point Inn
426,Platanos,GR,64.08,clear sky,37.6667,21.6167,Hotel Kronio
427,Ribas Do Rio Pardo,BR,47.97,clear sky,-20.4431,-53.7592,Pousada Avenida
428,Juneau,US,55.4,overcast clouds,58.3019,-134.4197,"Baranof Downtown, BW Signature Collection"
430,Codrington,AU,56.05,scattered clouds,-38.2667,141.9667,Codrington Gardens Bed And Breakfast
431,Bilibino,RU,36.27,overcast clouds,68.0546,166.4372,Gostinitsa Severyanka
432,Maxixe,MZ,70.09,overcast clouds,-23.8597,35.3472,Oceano
437,Lerwick,GB,48.2,broken clouds,60.1545,-1.1494,The Lerwick Hotel
439,Smirnykh,RU,55.8,overcast clouds,49.75,142.8333,Tsentral'naya
440,Deputatskiy,RU,28.08,overcast clouds,69.3,139.9,Baza Otdykha
443,Manzhouli,CN,68.29,overcast clouds,49.6,117.4333,Angala International Youth Hostel
445,Pozoblanco,ES,61.99,clear sky,38.3791,-4.8483,Hotel Nomada
446,Tazmalt,DZ,69.15,clear sky,36.3868,4.3989,H√¥tel Num√©dia
447,Marfino,RU,46.31,clear sky,55.7028,37.3822,Nemchinovka-Park
448,Roma,US,55.09,overcast clouds,43.2128,-75.4557,Wingate By Wyndham Rome
451,Sao Francisco,BR,66.51,light rain,-15.9486,-44.8644,Pousada Peixe Vivo
453,Labrea,BR,69.98,overcast clouds,-7.2586,-64.7981,Hotel Novo Horizonte
454,Palora,EC,64.83,overcast clouds,-1.7,-77.9333,Rancho grande
456,Irbil,IQ,66.02,clear sky,36.1926,44.0106,Erbil International Hotel
457,Sambava,MG,74.61,moderate rain,-14.2667,50.1667,Melrose
458,Rocha,UY,55.26,overcast clouds,-34.4833,-54.3333,Hotel Arrarte
459,Riyadh,SA,73.54,clear sky,24.6877,46.7219,"InterContinental Riyadh, an IHG Hotel"
460,Rabo De Peixe,PT,58.51,few clouds,37.8,-25.5833,Quinta das Giestas
462,Cidreira,BR,53.04,overcast clouds,-30.1811,-50.2056,Hotel Castelo
467,Valparaiso,CL,53.47,overcast clouds,-33.0393,-71.6273,Hotel Ultramar
469,Boguchany,RU,72.54,few clouds,58.3814,97.4531,Uyut
474,Antigonish,CA,53.78,few clouds,45.6169,-61.9986,Claymore Inn and Suites
475,Guerrero Negro,MX,61.16,clear sky,27.9769,-114.0611,"Casa Laguna, Bed & Breakfast"
477,Ahipara,NZ,66.56,moderate rain,-35.1667,173.1667,Ahipara Holiday Park
478,Glenwood Springs,US,74.21,clear sky,39.5505,-107.3248,Glenwood Springs Cedar Lodge
479,Wenling,CN,67.17,overcast clouds,28.3669,121.36,Hanting Express Wenling Wanchang North Road
481,Grindavik,IS,49.95,scattered clouds,63.8424,-22.4338,Northern Light Inn & Max's Restaurant
482,Andenes,NO,39.18,mist,69.3143,16.1194,Hotell Marena
484,Viseu,PT,57.74,overcast clouds,40.661,-7.9097,Montebelo Viseu Congress Hotel
485,Vilyuysk,RU,44.01,overcast clouds,63.7553,121.6247,Gostinitsa Viliuisk
486,Burnie,AU,53.94,broken clouds,-41.0667,145.9167,Beachfront Voyager Motor Inn
487,Methoni,GR,68.22,clear sky,36.8197,21.7049,Methoni Beach Hotel
491,Peleduy,RU,62.29,overcast clouds,59.6289,112.7406,–ì–æ—Å—Ç–∏–Ω–∏—Ü–∞ ¬´–£—é—Ç¬ª
492,Pangody,RU,36.73,broken clouds,65.85,74.4859,Elizaveta Shevchuk's House
493,Glossa,GR,64.09,clear sky,35.4717,23.7763,Elia Hotel & Spa
496,Rio Gallegos,AR,42.85,overcast clouds,-51.6226,-69.2181,Hotel Santa Cruz
497,Sol-Iletsk,RU,47.66,light rain,51.1631,54.9918,Raduzhnaya
498,Lagoa,PT,57.74,overcast clouds,39.05,-27.9833,Casa Das Faias
501,Verkhnetulomskiy,RU,32.13,light snow,68.6073,31.7962,–û—Ç–µ–ª—å –£—é—Ç
502,Puerto Del Rosario,ES,67.75,clear sky,28.5004,-13.8627,Hotel JM Puerto del Rosario
503,Sehithwa,BW,60.8,broken clouds,-20.4667,22.7167,MONLEK GUEST HOUSE
506,Ingham,US,58.23,clear sky,42.6,-84.3833,Sunset Mobile Home Park
507,Takab,IR,47.55,clear sky,36.4009,47.1133,ŸÜÿßŸÜŸàÿß€å€å ÿ¨ŸàÿßÿØ
508,Lompoc,US,66.56,clear sky,34.6391,-120.4579,"Holiday Inn Express Lompoc, an IHG Hotel"
510,Villazon,BO,36.57,broken clouds,-22.0866,-65.5942,La Candelaria
511,Igrim,RU,41.25,overcast clouds,63.1906,64.4162,Obshchezhitiye Uchebno-Proizvodstvennogo Tsentra
512,Husavik,IS,48.7,overcast clouds,66.0449,-17.3389,Bjarnab√∫√∞
513,Dudinka,RU,42.62,light rain,69.4058,86.1778,Hotel Viktoria
514,Lagoa Vermelha,BR,39.52,overcast clouds,-28.2086,-51.5258,Hotel Kaian√£
516,Kruisfontein,ZA,67.59,clear sky,-34.0033,24.7314,Oyster Bay House Rental
517,Sydney Mines,CA,53.19,fog,46.2367,-60.2177,At The Harbourfront B&B Inc
519,Monte Alegre,BR,74.73,broken clouds,-2.0078,-54.0692,Hotel Shekinah
520,Qasigiannguit,GL,30.45,few clouds,68.8193,-51.1922,Almost HOME
522,Mahon,ES,63.16,clear sky,39.8885,4.2658,ARTIEM Capri
524,Altamont,US,69.64,clear sky,42.2068,-121.7372,Microtel Inn & Suites by Wyndham Klamath Falls
527,Santa Isabel Do Rio Negro,BR,73.74,light rain,-0.4139,-65.0192,Hotel GSA
529,Virginia Beach,US,74.01,clear sky,36.8529,-75.978,Hilton Virginia Beach Oceanfront
531,Guaruja,BR,66.88,clear sky,-23.9931,-46.2564,Charme Hotel Guaruj√°
534,Colborne,CA,55.06,clear sky,44.0001,-77.8828,Colborne Guest House
540,Pastavy,BY,40.73,overcast clouds,55.1168,26.8326,Mini gostinitca Shirki
541,La Presa,US,72.34,few clouds,32.7081,-116.9973,Terrace Mobile Home Estates
542,Marsa Matruh,EG,62.8,clear sky,31.3525,27.2453,Beau Site
543,Comodoro Rivadavia,AR,51.66,clear sky,-45.8667,-67.5,Austral Hotel
544,Belyy Yar,RU,65.86,clear sky,53.6039,91.3903,Pasportnyy Stol
545,Guaratinga,BR,71.76,few clouds,-16.5667,-39.5667,Hotel Cara√≠va
548,Shalinskoye,RU,72.57,broken clouds,55.7228,93.7594,Belaya Sova
549,Polyarnyy,RU,34.61,light snow,69.1989,33.4478,Hotel Tatyana
551,Coihaique,CL,32.61,clear sky,-45.5752,-72.0662,Diego De Almagro Coyhaique
552,Broken Hill,AU,59.56,few clouds,-31.95,141.4333,Royal Exchange Hotel
555,Half Moon Bay,US,72.03,haze,37.4636,-122.4286,"The Ritz-Carlton, Half Moon Bay"
556,Jaen,ES,70.16,clear sky,38.0,-3.5,Hotel TRH Baeza
557,Alberdi,AR,51.04,clear sky,-32.8899,-60.6906,Green House.river
559,Saint-Dizier,FR,58.6,overcast clouds,48.4167,5.0833,Le Val du Roy - Chambres d'h√¥tes
560,Dali,CN,66.52,overcast clouds,25.7,100.1833,Dali Travelling With Hostel
561,Tremedal,BR,70.95,clear sky,-14.9758,-41.4108,Pousada Estillos
562,Dunedin,NZ,57.79,overcast clouds,-45.8742,170.5036,Scenic Hotel Southern Cross
563,Delta Del Tigre,UY,57.31,broken clouds,-34.7633,-56.3853,FINCA SUAREZ
565,Bor,RU,46.33,overcast clouds,56.3567,44.0669,Oktyabrskaya Hotel
566,Maua,BR,58.08,clear sky,-23.6678,-46.4614,Hotel Capriccio Mau√°
570,Hasaki,JP,72.28,light rain,35.7333,140.8333,Inubosaki Kanko Hotel
571,Tandil,AR,46.69,overcast clouds,-37.3217,-59.1332,Hostal de la Sierra Tandil
572,Kinston,US,71.71,clear sky,35.2627,-77.5816,Hampton Inn Kinston
573,Zlitan,LY,66.18,overcast clouds,32.4674,14.5687,ÿßŸÑŸÇÿ≥ŸÖ ÿßŸÑÿØÿßÿÆŸÑŸä ŸÑŸÑÿ¨ÿßŸÖÿπÿ© ÿßŸÑÿ£ÿ≥ŸÖÿ±Ÿäÿ©
574,Erenhot,CN,70.14,overcast clouds,43.6475,111.9767,Erenhot Rurouni Youth Hostel
575,Opunake,NZ,67.84,clear sky,-39.4556,173.8583,Walton Cottage
576,Jacareacanga,BR,73.35,overcast clouds,-6.2222,-57.7528,Casa do Ianüòé
578,Westport,US,66.24,clear sky,41.1415,-73.3579,The Westport Inn
579,Namibe,AO,71.71,clear sky,-15.1961,12.1522,Hotel Chik Chik Namibe
580,Pozo Colorado,PY,48.06,clear sky,-23.4923,-58.7972,Hospedaje La Norte√±a
582,Hualmay,PE,63.79,overcast clouds,-11.0964,-77.6139,Hotel Villa Kitzia Huacho
583,Maraba,BR,73.49,overcast clouds,-5.3686,-49.1178,Hotel Del Principe
584,Khandyga,RU,38.32,light rain,62.6667,135.6,Apel'sin
587,Campbell River,CA,53.6,broken clouds,50.0163,-125.2446,Anchor Inn & Suites
588,Amot,NO,41.7,few clouds,59.5714,7.9877,Groven Camping og Hyttegrend AS
589,Spodnja Idrija,SI,58.89,few clouds,46.0319,14.0272,Hotel Jo≈æef
591,Udachnyy,RU,38.97,clear sky,66.4167,112.4,Severnoye Siyaniye
592,Itupiranga,BR,74.26,light rain,-5.1347,-49.3267,Hotel Panorama
593,Novo Aripuana,BR,73.67,overcast clouds,-5.1206,-60.3797,Hotel Ezequiel
597,Vyselki,RU,50.88,broken clouds,45.5794,39.6597,–î–∏–ª–∏–∂–∞–Ω—Å
598,Gibsons,CA,58.75,overcast clouds,49.3997,-123.5027,Cedars Inn Hotel & Convention Center
600,Vokhma,RU,40.17,overcast clouds,58.9303,46.7586,"Gostinitsa ""Yelki-Palki"""
601,Quirinopolis,BR,51.53,few clouds,-18.4483,-50.4517,Rota Hot√©is - Quirin√≥polis GO
605,Beni Suef,EG,68.02,clear sky,29.0731,31.0979,Jewel Inn Beni Suef
607,Vardo,NO,31.98,broken clouds,70.3705,31.1107,Vard√∏ Hotel AS
608,Piranshahr,IR,50.23,clear sky,36.701,45.1413,ŸÖÿ≥ÿßŸÅÿ± ÿÆÿßŸÜŸá ÿ≥ÿπÿØ€å
610,Shelbyville,US,72.84,clear sky,35.4834,-86.4603,Best Western Shelbyville Inn And Suites Celebration Inn
611,Turek,PL,36.61,clear sky,52.0155,18.5005,Polbau GmbH Sp. z o.o.
613,Agboville,CI,74.7,overcast clouds,5.928,-4.2132,hotel LE PRESTIGE
615,Nantucket,US,61.14,broken clouds,41.2835,-70.0995,Jared Coffin House
616,Nouadhibou,MR,67.98,overcast clouds,20.931,-17.0347,El Medina
617,Aksu,CN,73.54,clear sky,41.1231,80.2644,Pudong Holiday Hotel
618,Gat,IL,68.4,clear sky,31.61,34.7642,OlusHome
619,Albury,AU,57.33,broken clouds,-36.0833,146.9167,Albury Georgian Motel & Suites
621,Reshetikha,RU,46.13,overcast clouds,56.2189,43.2936,"Bol'shaya Medveditsa, Zagorodnyy Klub"
622,Palanga,LT,33.82,clear sky,55.9175,21.0686,"Hotel ""Austƒója"""
623,Yuanping,CN,72.63,overcast clouds,38.7153,112.7575,Yuanping Xinghe Guesthouse
624,Dryden,CA,57.49,overcast clouds,49.7833,-92.7503,"Holiday Inn Express Dryden, an IHG Hotel"
625,Buin,CL,60.06,clear sky,-33.7333,-70.75,Paihuen
627,Ulaanbaatar,MN,60.93,few clouds,47.9077,106.8832,The Blue Sky Hotel and Tower
629,Turukhansk,RU,48.38,moderate rain,65.8167,87.9833,"–û–û–û ""–¢—É—Ä—É—Ö–∞–Ω—Å–∫–∞—è –ø—É—à–Ω–∏–Ω–∞"""
631,Playas,EC,73.62,broken clouds,-2.6333,-80.3833,Hostal Promenade
632,Beli Potok,RS,61.95,light rain,44.7061,20.5197,Garni hotel ‚ÄûSuƒçeviƒá‚Äú
633,Lapithos,CY,61.09,clear sky,35.3375,33.1792,Gillham Luxury Boutique & Vineyard
634,Garden City,US,62.85,scattered clouds,42.3256,-83.331,Big Trees Mobile Home Community
635,Barra Do Garcas,BR,62.4,overcast clouds,-15.89,-52.2567,Pousada Tropical
636,Luga,RU,34.66,broken clouds,58.7372,29.8453,U Lysoy Gory Hotel
637,Kropotkin,RU,50.14,broken clouds,45.4375,40.5756,Hotel Europe Kropotkin
638,Ulfborg,DK,53.96,overcast clouds,56.2673,8.3217,Hedens Bed And Breakfast
639,Luz,BR,52.11,clear sky,-19.8014,-45.6856,Hotel Turista
640,Fureidis,IL,60.15,clear sky,32.5986,34.9558,Elma Arts Complex Luxury Hotel -◊ê◊ú◊û◊ê ◊û◊ú◊ï◊ü ◊ï◊û◊®◊õ◊ñ ◊ê◊û◊†◊ï◊ô◊ï◊™
641,Hearst,CA,52.05,clear sky,49.6835,-83.6665,Companion
642,Bud,US,71.62,overcast clouds,39.447,-86.1758,Ted McQuinn Trust
643,Humaita,BR,70.36,overcast clouds,-7.5061,-63.0208,Corr√™a Hotel
644,San Isidro,PE,62.51,mist,-12.1167,-77.05,Radisson Hotel Decapolis Miraflores
645,Saint-Pierre,RE,67.68,clear sky,-21.3393,55.4781,Alize Plage
647,Yinchuan,CN,70.45,overcast clouds,38.4681,106.2731,JJ Inns - Yinchuan New Moon Square Branch
651,Wufeng,CN,47.77,overcast clouds,27.45,104.8333,‰∏≠Â±±ÂÆæÈ¶Ü
652,Chifeng,CN,72.86,clear sky,42.2683,118.9636,Junyu Tiancheng Hotel
653,Aklavik,CA,31.95,light snow,68.2191,-135.0107,Aklavik Inn
654,Moron,AR,53.29,overcast clouds,-34.6534,-58.6198,Hotel Mor√≥n
657,Vila Velha,BR,73.35,broken clouds,-20.3297,-40.2925,Hotel Vit√≥ria Palace
658,Kabanjahe,ID,73.09,overcast clouds,3.1001,98.4908,Kos-Kosan wanita muslim bagoes kabanjahe
660,Macedonia,US,56.35,broken clouds,41.3137,-81.5085,Hilton Garden Inn Cleveland/Twinsburg
662,Saint-Esteve,FR,67.82,clear sky,42.7131,2.843,H√¥tel urban by balladins Perpignan
663,Hyeres,FR,66.42,clear sky,43.1167,6.1167,ibis budget Hy√®res Centre-Ville
665,Yermish,RU,39.67,scattered clouds,54.7678,42.2711,Zarya
667,Mocuba,MZ,62.29,few clouds,-16.8392,36.9856,Phama Lodge
669,Kemin,KG,65.46,scattered clouds,42.7846,75.6892,Hotel Kok-Oirok
673,Nikolaevo,BG,62.24,overcast clouds,42.6333,25.8,–ú–æ—Ç–µ–ª –û—Ä–∏–µ–Ω—Ç–∞–ª
674,Zelhem,NL,64.02,broken clouds,52.0067,6.3486,Gastenverblijf Eenink
677,Fairbanks,US,57.2,broken clouds,64.8378,-147.7164,Westmark Fairbanks Hotel & Conference Center
679,Tromso,NO,37.42,overcast clouds,69.6496,18.957,"Radisson Blu Hotel, Troms√∏"
681,Launceston,AU,54.81,light rain,-41.45,147.1667,Hotel Grand Chancellor Launceston
682,Coahuayana,MX,74.97,few clouds,18.7333,-103.6833,El rranchito michuacan de ocampos
686,Canatlan,MX,63.48,overcast clouds,24.5167,-104.7833,AUTOLAVADO El Negro
687,Aguimes,ES,66.83,broken clouds,27.9054,-15.4461,Hotel Villa de Aguimes
